№ поста,№ п/п старый,№ п/п пред ОП,№ п/п новый,№ п/п пред ОП,№ п/п след ОП,Пост,Номер операции,Номер предшеств.,Номер послед.,Наименование операции,Чертеж,Трудоемкость,Кол-во человек,Время,Бригада,Место проведения работ,Резерв операции
1,1,0,1,0,"2,7,11,12,18",1,1,0,"2,7,11,12,18",Демонтаж крышевых люков,5ТС.340.337,"1,8",2,"0,9",Т/Б,на крыше,0
1,2,1,2,1,"3,14,15",1,2,1,"3,14,15",Изолировка по полу,5ТС.512.086-02,"3,2",4,"0,8",ОРИЩЕНКО,в куз,"4,09"
1,3,2,3,2,6,1,3,2,6,Изолировка глухого коридора,5ТС.512.086-02,"6,5",4,"1,625",ОРИЩЕНКО,в куз,"9,415"
1,4,5,4,5,,1,4,5,,Изолировка желоба,5ТС.512.086-02,"3,5",4,"0,875",ОРИЩЕНКО,в куз,"9,415"
1,5,6,5,6,4,1,5,6,4,Изолировка проходного коридора,5ТС.512.086-02,"4,3",4,"1,075",ОРИЩЕНКО,в куз,"9,415"
1,6,3,6,3,5,1,6,3,5,Изолировка под кузовом,5ТС.512.086-02,3,4,"0,75",ОРИЩЕНКО,под куз,"9,415"
1,7,1,7,1,8,1,7,1,8,Установка реакторов РС-19,6ТС.020.410,"0,49",1,"0,49",Т/Б,в куз,0
1,8,7,8,7,9,1,8,7,9,Установка ИШ ВВК1,6ТС.020.509,"1,475",1,"1,475",Т/Б,в куз,0
1,9,8,9,8,10,1,9,8,10,Установка ИШ ВВК2,6ТС.020.510-02,"1,475",1,"1,475",Т/Б,в куз,0
1,10,9,10,9,20,1,10,9,20,Установка монтажных люлек,5ТС.512.086-02,"0,5",1,"0,5",Т/Б,в куз,0
1,11,1,11,1,35,1,11,1,35,Установка кондуитов,5ТС.512.086-02,"0,5",1,"0,5",КАЧАЕВ,под куз,"13,04"
1,12,1,12,1,13,1,12,1,13,Установка гидродемпферов,6ТЛ.031.017,"2,7",2,"1,35",КАЧАЕВ,под куз,"12,04"
1,13,12,13,12,42,1,13,12,42,Установка ручного тормоза ,6ТС.032.027,"1,8",2,"0,9",КАЧАЕВ,под куз,"12,04"
1,14,2,14,2,16,1,14,2,16,Прокладка проводов по полу (+провода) В/В,5ТС.512.086-02,2,1,2,М/Р,в куз,"4,09"
1,15,2,15,2,17,1,15,2,17,"Прокладка проводов по полу (+провода, фланцы) Н/В",5ТС.512.086-02,2,1,2,К/Ш,в куз,"10,49"
1,16,14,16,14,25,1,16,14,25,Крепление проводов по полу по полосам в/в,5ТС.512.086-02,1,1,1,М/Р,в куз,"4,09"
1,17,15,17,15,30,1,17,15,30,Крепление проводов по полу по полосам н/в,5ТС.512.086-02,1,1,1,К/Ш,в куз,"10,49"
1,18,1,18,1,19,1,18,1,19,Установка блока1,6ТС.020.509,"0,5",2,"0,25",Т/Б,в куз,"0,84"
1,19,18,19,18,22,1,19,18,22,Установка блока2,6ТС.020.509,"0,5",2,"0,25",Т/Б,в куз,"0,84"
1,20,10,20,10,21,1,20,10,21,Установка ВУВ,6ТС.020.412,"2,1",1,"2,1",Т/Б,в куз,0
1,21,20,21,20,"27,32,34",1,21,20,"27,32,34",Установка блока диодов,6ТС.020.412,"0,7",1,"0,7",Т/Б,в куз,0
1,22,19,22,19,23,1,22,19,23,Установка блоков на глухой стенке ВВК1,6ТС.020.509,"2,35",2,"1,175",Т/Б,в куз,"0,84"
1,23,22,23,22,24,1,23,22,24,Установка блоков на глухой стенке ВВК2,6ТС.020.510-02,"1,5",2,"0,75",Т/Б,в куз,"0,84"
1,24,23,24,23,,1,24,23,,Установка блоков на глухой стенке в средней части,6ТЛ.020.003,"2,35",2,"1,175",Т/Б,в куз,"0,84"
1,25,16,25,16,26,1,25,16,26,Монтаж проводов к тяговым двигателям  1 к,6ТС.050.084,"1,1",1,"1,1",М/Р,в куз,"4,09"
1,26,25,26,25,28,1,26,25,28,Монтаж проводов к тяговым двигателям  2 к (+соединение),6ТС.050.084,"1,4",1,"1,4",М/Р,в куз,"4,09"
1,27,21,27,21,41,1,27,21,41,"Установка  КПС, ПТ-98, ТР-19",6ТС.020.510-02,"1,4",1,"1,4",Т/Б,в куз,"5,4"
1,28,26,28,26,29,1,28,26,29,Монтаж и подключение КПС,6ТС.050.084,"2,5",1,"2,5",М/Р,в куз,"4,09"
1,29,28,29,28,31,1,29,28,31,Монтаж и подключение ИШ,6ТС.050.084,"1,25",1,"1,25",М/Р,в куз,"4,09"
1,30,17,30,17,,1,30,17,,Монтаж к РС,5ТС.512.086-02,"0,25",1,"0,25",К/Ш,в куз,"10,49"
1,31,29,31,29,,1,31,29,,Сдача ОТК,,"0,4",1,"0,4",,в куз,"4,09"
1,32,21,32,21,33,1,32,21,33,"Прокладка кабелей радиостанции, КЛУБ, САУТ и МСУД по желобу к местам установки (+фланцы)",5ТС.512.086-02,"8,4",2,"4,2",М/Р,в куз,0
1,33,32,33,32,,1,33,32,,"Крепление кабелей радиостанции, КЛУБ, САУТ и МСУД по желобу к местам установки",5ТС.512.086-02,"7,2",2,"3,6",М/Р,в куз,0
1,34,21,34,21,,1,34,21,,Установка резервуаров на торцевой стенке,6ТС.031.955,"3,6",2,"1,8",ПОНОМ,торец,"5,8"
1,35,11,35,11,,1,35,11,,Установка баллонов,6ТС.031.196,1,1,1,КАЧАЕВ,торец,"13,04"
1,36,0,36,0,37,1,36,0,37,Подготовка розеток МЭС,6ТС.020.514,"0,6",1,"0,6",ПЕТ,пол,"4,84"
1,37,36,37,36,38,1,37,36,38,Крепление корпусов розеток на лобовине,6ТС.020.514,"1,2",2,"0,6",ПЕТ,в куз,"4,84"
1,38,37,38,37,39,1,38,37,39,Раскладка проводов по буферному брусу,5ТС.512.086-02,"4,2",2,"2,1",ПЕТ,в куз,"4,84"
1,39,38,39,38,40,1,39,38,40,Крепление корпусов розеток в торце,6ТС.020.514,"1,2",2,"0,6",ПЕТ,в куз,"4,84"
1,40,39,40,39,,1,40,39,,Раскладка проводов в кузове в торце,5ТС.512.086-02,"2,8",2,"1,4",ПЕТ,в куз,"4,84"
1,41,27,41,27,,1,41,27,,Установка подножек,6ТС.031.564,1,1,1,Т/Б,под куз,"5,4"
3,55,13,42,13,,1,42,13,,Установка брезентовых патрубков (крепление к кузову),6ТС.031.513,1,2,"0,5",КАЧАЕВ,под куз,"12,04"
2,1,0,43,0,44,2,43,0,44,Зачистка и подготовка кабины,6ТС.032.586,"1,6",1,"1,6",СТОЛ,пол,
2,2,1,44,43,45,2,44,43,45,Установка кабины,6ТС.032.586,"3,25",2,"1,625",СТОЛ,в куз,
2,3,2,45,44,,2,45,44,,Герметизация,6ТС.032.586,"2,75",2,"1,375",СТОЛ,в куз,
2,4,0,46,0,,2,46,0,,Подготовка н/в пучка,5ТС.512.086-02,6,2,3,М/Р,в куз,
2,5,11,47,53,48,2,47,53,48,Прокладка н/в пучка и крепление,5ТС.512.086-02,"13,2",11,"1,2",М/Р,в куз,
2,6,5,48,47,"89,91,93,111",2,48,47,"89,91,93,111",Раскладка ответвлений,5ТС.512.086-02,"2,4",4,"0,6",К/Ш,в куз,
2,7,0,49,0,51,2,49,0,51,"Прокладка в/в проводов по желобу и кузову (+В/В жгут, кабели)",5ТС.512.086-02,7,2,"3,5",М/Р,в куз,
2,8,0,50,0,52,2,50,0,52,Прокладка силовых проводов по желобу и кузову (+жгут),5ТС.512.086-02,6,2,3,М/Р,в куз,
2,9,7,51,49,53,2,51,49,53,Крепление проводов по полосам В/В,5ТС.512.086-02,"4,5",2,"2,25",М/Р,в куз,
2,10,8,52,50,,2,52,50,,Крепление проводов по полосам СИЛОВЫХ,5ТС.512.086-02,3,2,"1,5",М/Р,в куз,
2,11,9,53,51,47,2,53,51,47,Прокладка жгута автоматики в кузове (+провода),5ТС.512.086-02,"4,5",4,"1,125",М/Р,в куз,
2,12,0,54,0,55,2,54,0,55,Монтаж шин нижний ряд 1 к,6ТС.052.100-01,"0,75",1,"0,75",Т/Б,в куз,
2,13,12,55,54,56,2,55,54,56,Монтаж шин средний ряд 1 к,,"0,75",1,"0,75",Т/Б,в куз,
2,14,13,56,55,57,2,56,55,57,Монтаж шин верхний ряд 1 к,,"0,75",1,"0,75",Т/Б,в куз,
2,15,14,57,56,58,2,57,56,58,Монтаж шин нижний ряд транс,,"0,75",1,"0,75",Т/Б,в куз,
2,16,15,58,57,59,2,58,57,59,Монтаж шин средний ряд транс,,"0,75",1,"0,75",Т/Б,в куз,
2,17,16,59,58,,2,59,58,,Монтаж шин верхний ряд транс,,"0,75",1,"0,75",Т/Б,в куз,
2,18,0,60,0,61,2,60,0,61,Монтаж шин нижний ряд 2 к,6ТС.052.101,"0,75",1,"0,75",Т/Б,в куз,
2,19,18,61,60,62,2,61,60,62,Монтаж шин средний ряд 2 к,,"0,75",1,"0,75",Т/Б,в куз,
2,20,19,62,61,63,2,62,61,63,Монтаж шин верхний ряд 2 к,,"0,75",1,"0,75",Т/Б,в куз,
2,21,20,63,62,64,2,63,62,64,Монтаж шин нижний ряд ВВК2,,"0,75",1,"0,75",Т/Б,в куз,
2,22,21,64,63,65,2,64,63,65,Монтаж шин средний ряд ВВК2,,"0,75",1,"0,75",Т/Б,в куз,
2,23,22,65,64,101,2,65,64,101,Монтаж шин верхний ряд ВВК2,,"0,75",1,"0,75",Т/Б,в куз,
2,24,"57,61",66,"89,93",67,2,66,"89,93",67,Установка Блока 9,6ТС.020.510-02,"0,66",2,"0,33",Т/Б,в куз,
2,25,24,67,66,68,2,67,66,68,Установка Блока 7,6ТС.020.510-02,"0,66",2,"0,33",Т/Б,в куз,
2,26,25,68,67,69,2,68,67,69,Установка Блока 8,6ТС.020.510-02,"1,2",2,"0,6",Т/Б,в куз,
2,27,26,69,68,70,2,69,68,70,Установка Блока 6 (БСА),6ТС.020.510-02,"1,2",2,"0,6",Т/Б,в куз,
2,28,27,70,69,71,2,70,69,71,Установка пускового двигателя в кузове,6ТС.020.662,"1,6",2,"0,8",Т/Б,в куз,
2,29,28,71,70,75,2,71,70,75,Установка МВ-688,6ТС.020.412,"0,8",2,"0,4",Т/Б,в куз,
2,30,51,72,88,73,2,72,88,73,Наклеивание уплотнения,6ТС.020.410,"0,7",1,"0,7",Т/Б,в куз,
2,31,30,73,72,74,2,73,72,74,Установка ВИП 2,6ТС.020.410,"1,45",2,"0,725",Т/Б,в куз,
2,32,31,74,73,95,2,74,73,95,Установка ВИП 1,6ТС.020.410,"1,45",2,"0,725",Т/Б,в куз,
2,33,29,75,71,,2,75,71,,Установка МВ-311 в ВВК2,6ТС.020.410,"3,4",2,"1,7",Т/Б,в куз,
2,39,0,76,0,78,2,76,0,78,Установка зажимов контактных в ВВК1,6ТС.020.509,1,1,1,Т/Б,в куз,
2,40,0,77,0,79,2,77,0,79,Установка зажимов контактных в торце,6ТС.020.419,1,1,1,Т/Б,в куз,
2,41,39,78,76,80,2,78,76,80,Установка антенно-согласующего устройства,6ТС.032.587,4,1,4,Т/Б,в куз,
2,42,40,79,77,83,2,79,77,83,Установка освещения (плафоны по коридору),6ТС.020.415,4,1,4,Т/Б,в куз,
2,43,41,80,78,81,2,80,78,81,Установка оборудования системы пожаротушения в ВВК,6ТС.020.750-01,"0,9",1,"0,9",Т/Б,в куз,
2,44,43,81,80,82,2,81,80,82,Установка аппаратов системы пожаротушения в ВВК,6ТС.020.750-01,"0,9",1,"0,9",Т/Б,в куз,
2,45,44,82,81,87,2,82,81,87,Установка аппаратов системы пожаротушения по проходному коридору,6ТС.020.415,"0,9",1,"0,9",Т/Б,в куз,
2,46,42,83,79,84,2,83,79,84,Установка аппаратов системы пожаротушения в торце,6ТС.020.419,"0,9",1,"0,9",Т/Б,в куз,
2,47,46,84,83,85,2,84,83,85,Установка аппаратов системы пожаротушения под кузовом,6ТС.020.514,"0,9",1,"0,9",Т/Б,под куз,
2,48,47,85,84,,2,85,84,,Установка оборудования системы пожаротушения и освещения на крышках,6ТС.020.415,"0,9",1,"0,9",Т/Б,вне поста,
2,49,,86,,,2,86,,,Монтаж проводов системы пожаротушения и освещения на крышках,5ТС.512.086-02,11,1,11,К/Ш,вне поста,
2,50,"45,48",87,"82,85",88,2,87,"82,85",88,"Установка аппаратов КЛУБ, САУТ (по кузову)",6ТС.020.411,6,2,3,Т/Б,в куз,
2,51,50,88,87,72,2,88,87,72,Установка МСУД и ШП21,6ТС.020.509,3,2,"1,5",Т/Б,в куз,
2,57,6,89,48,90,2,89,48,90,Прокладка проводов к блоку2,5ТС.512.086-02,"0,7",1,"0,7",К/Ш,в куз,
2,58,57,90,89,96,2,90,89,96,Включение блока2,5ТС.512.086-02,"0,7",1,"0,7",К/Ш,в куз,
2,59,6,91,48,92,2,91,48,92,Прокладка проводов к блоку1 силовой,5ТС.512.086-02,"0,7",1,"0,7",М/Р,в куз,
2,60,59,92,91,100,2,92,91,100,Включение блока1 силовой,5ТС.512.086-02,"0,7",1,"0,7",М/Р,в куз,
2,61,6,93,48,"94, 66",2,93,48,"94, 66",Прокладка проводов к блоку1 н/в,5ТС.512.086-02,"0,7",1,"0,7",К/Ш,в куз,
2,62,61,94,93,97,2,94,93,97,Включение блока1 н/в,5ТС.512.086-02,"0,7",1,"0,7",К/Ш,в куз,
2,63,32,95,74,,2,95,74,,Установка блока управления и коммутации (блок питания кондиционера),6ТС.020.900,2,1,2,Т/Б,в куз,
2,64,58,96,90,98,2,96,90,98,Прокладка проводов по глухой стенке в ВВК1 н/в,5ТС.512.086-02,"2,5",1,"2,5",К/Ш,в куз,
2,65,62,97,94,99,2,97,94,99,Прокладка проводов по глухой стенке в ср.части н/в,5ТС.512.086-02,"2,5",1,"2,5",К/Ш,в куз,
2,66,64,98,96,108,2,98,96,108,Прокладка проводов по глухой стенке в ВВК2 н/в,5ТС.512.086-02,"1,7",1,"1,7",К/Ш,в куз,
2,67,65,99,97,110,2,99,97,110,Прокладка проводов по глухой стенке в торце н/в,5ТС.512.086-02,"1,7",1,"1,7",К/Ш,в куз,
2,68,60,100,92,109,2,100,92,109,Прокладка проводов по глухой стенке в/в,5ТС.512.086-02,"1,7",1,"1,7",М/Р,в куз,
2,69,"17,22",101,"59,64",102,2,101,"59,64",102,Установка разного оборудования в ВВК1,6ТС.020.415,"3,3",2,"1,65",Т/Б,в куз,
2,70,69,102,101,103,2,102,101,103,Установка разного оборудования в ср.части,6ТС.020.415,"3,3",2,"1,65",Т/Б,в куз,
2,71,70,103,102,,2,103,102,,Установка разного оборудования в ВВК2,6ТС.020.415,"3,3",2,"1,65",Т/Б,в куз,
2,72,0,104,0,,2,104,0,,Установка оборудования под кузовом (ящики АБ),6ТС.020.421,"0,7",2,"0,35",Т/Б,под куз,
2,73,0,105,0,106,2,105,0,106,"Установка оборудования под кузовом (РЗ-Б, светильники)",6ТС.020.514,"0,5",1,"0,5",КАЧАЕВ,под куз,
2,74,73,106,105,107,2,106,105,107,Установка путеочистителя,6ТС.031.040-01,1,2,"0,5",КАЧАЕВ,под куз,
2,75,74,107,106,,2,107,106,,"Установка катушек из к-та КЛУБ, САУТ к путеочистителю",6ТС.020.514,"0,3",1,"0,3",КАЧАЕВ,под куз,
2,80,66,108,98,,2,108,98,,Монтаж к ВУВ н/в,5ТС.512.086-02,"1,3",1,"1,3",К/Ш,в куз,
2,81,68,109,100,,2,109,100,,Монтаж к ВУВ в/в,5ТС.512.086-02,"0,7",1,"0,7",М/Р,в куз,
2,82,67,110,99,,2,110,99,,"Монтаж проводов к панелям А65, А66",5ТС.512.086-02,"1,2",1,"1,2",К/Ш,в куз,
2,83,6,111,48,,2,111,48,,Демонтаж монтажных люлек,5ТС.512.086-02,"0,6",1,"0,6",Т/Б,в куз,
3,1,72,112,182,169,3,112,182,169,Установка Блока4 (БСА),6ТС.020.509,"1,2",1,"1,2",Т/Б,в куз,
3,2,0,113,0,119,3,113,0,119,Монтаж к блоку 9 н/в,5ТС.512.086-02,"5,3",1,"5,3",К/Ш,в куз,
3,3,5,114,116,115,3,114,116,115,Монтаж к блоку 9 в/в,5ТС.512.086-02,4,1,4,М/Р,в куз,
3,4,3,115,114,120,3,115,114,120,Монтаж к пусковому двигателю в/в,5ТС.512.086-02,4,1,4,М/Р,в куз,
3,5,0,116,0,114,3,116,0,114,Монтаж к блоку 8 в/в,5ТС.512.086-02,"4,3",1,"4,3",М/Р,в куз,
3,6,0,117,0,,3,117,0,119,Монтаж к блоку 8 н/в,5ТС.512.086-02,"5,3",1,"5,3",К/Ш,в куз,
3,7,0,118,0,121,3,118,0,121,Монтаж к блоку 7 н/в,5ТС.512.086-02,"5,3",1,"5,3",К/Ш,в куз,
3,8,"2,6",119,"113,117",140,3,119,"113,117",140,Прокладка проводов в компрессорном помещении н/в,5ТС.512.086-02,"5,2",2,"2,6",К/Ш,в куз,
3,9,4,120,115,130,3,120,115,130,Прокладка силовых проводов в компрессорном помещении,5ТС.512.086-02,"1,7",1,"1,7",М/Р,в куз,
3,10,7,121,118,129,3,121,118,129,"Н/в монтаж светового табло, МАГов, извещателя",5ТС.512.086-02,"4,8",1,"4,8",К/Ш,в куз,
3,11,0,122,0,124,3,122,0,124,Монтаж освещения по проходному коридору 1 конец н/в,5ТС.512.086-02,"3,2",1,"3,2",К/Ш,в куз,
3,12,0,123,0,125,3,123,0,125,Монтаж освещения по проходному коридору 2 конец н/в,5ТС.512.086-02,"3,2",1,"3,2",К/Ш,в куз,
3,13,11,124,122,144,3,124,122,144,Раскладка проводов к клапанам токоприемника и песочниц 1 конец н/в,5ТС.512.086-02,3,1,3,К/Ш,в куз,
3,14,12,125,123,127,3,125,123,127,Раскладка проводов к клапанам песочницы 2 конец н/в,5ТС.512.086-02,2,1,2,К/Ш,в куз,
3,15,0,126,0,"137,168",3,126,0,"137,168",Прокладка штепсельных соединений к Блоку А91 (силовой),5ТС.512.086-02,"1,1",1,"1,1",М/Р,в куз,
3,16,14,127,125,128,3,127,125,128,Разделка проводов к зажимам контактным Х102-104,5ТС.512.086-02,"1,25",1,"1,25",К/Ш,в куз,
3,17,16,128,127,156,3,128,127,156,Включение проводов к зажимам контактным Х102-104,5ТС.512.086-02,"1,25",1,"1,25",К/Ш,в куз,
3,18,10,129,121,138,3,129,121,138,Разделка и подключение проводов к зажиму контактному Х116 н/в,5ТС.512.086-02,"0,5",1,"0,5",К/Ш,в куз,
3,19,9,130,120,,3,130,120,,Разделка и подключение проводов к зажиму контактному Х116 и подключение кабелей межсекционного соединения силовой,5ТС.512.086-02,"1,1",1,"1,1",М/Р,в куз,
3,20,0,131,0,132,3,131,0,132,Разделка проводов к зажимам контактным МЭС Х87-Х95 (с н/в пучка),5ТС.512.086-02,"3,25",1,"3,25",К/Ш,в куз,
3,21,20,132,131,133,3,132,131,133,Включение проводов к зажимам контактным МЭС Х87-Х95 (с н/в пучка),5ТС.512.086-02,3,1,3,К/Ш,в куз,
3,22,21,133,132,134,3,133,132,134,Разделка проводов к зажимам контактным МЭС Х87-Х95 (от розеток МЭС),5ТС.512.086-02,"3,1",1,"3,1",К/Ш,в куз,
3,23,22,134,133,142,3,134,133,142,Включение проводов к зажимам контактным МЭС Х87-Х95 (от розеток МЭС),5ТС.512.086-02,"3,3",1,"3,3",К/Ш,в куз,
3,24,0,135,0,136,3,135,0,136,Разделка проводов к зажимам контактным на поперечной стенке кабины,5ТС.512.086-02,"11,3",2,"5,65",ПАН,в куз,
3,25,24,136,135,161,3,136,135,161,Включение проводов к зажимам контактным на поперечной стенке кабины,5ТС.512.086-02,"10,8",2,"5,4",ПАН,в куз,
3,26,15,137,126,143,3,137,126,143,Разделка проводов к клапанам обогрева силовой,5ТС.512.086-02,"2,8",1,"2,8",М/Р,в куз,
3,27,18,138,129,139,3,138,129,139,Разделка SA6,5ТС.512.086-02,"1,2",1,"1,2",К/Ш,в куз,
3,28,27,139,138,159,3,139,138,159,Включение SA6,5ТС.512.086-02,"2,8",1,"2,8",К/Ш,в куз,
3,29,8,140,119,141,3,140,119,141,Разделка БПО,5ТС.512.086-02,"1,2",1,"1,2",К/Ш,в куз,
3,30,29,141,140,167,3,141,140,167,Включение БПО,5ТС.512.086-02,"2,5",1,"2,5",К/Ш,в куз,
3,31,23,142,134,,3,142,134,,Разделка и включение розеток питания в торце,5ТС.512.086-02,"3,2",1,"3,2",К/Ш,в куз,
3,32,26,143,137,147,3,143,137,147,Раскладка и включение силовых проводов к трансформатору (+штепсельное соединение),5ТС.512.086-02,"1,2",1,"1,2",М/Р,в куз,
3,33,13,144,124,145,3,144,124,145,Раскладка проводов к трансформатору 1 конец н/в (+штепсельное соединение),5ТС.512.086-02,"3,8",1,"3,8",К/Ш,в куз,
3,34,33,145,144,162,3,145,144,162,Включение проводов к трансформатору 1 конец н/в,5ТС.512.086-02,"2,2",1,"2,2",К/Ш,в куз,
3,35,69,146,179,165,3,146,179,165,Включение проводов по глухой стенке к панелям и блокам н/в,5ТС.512.086-02,"2,3",1,"2,3",К/Ш,в куз,
3,36,32,147,143,148,3,147,143,148,Включение проводов по глухой стенке к панелям и блокам силовой,5ТС.512.086-02,"1,7",1,"1,7",М/Р,в куз,
3,37,36,148,147,150,3,148,147,150,Прокладка и включение кабелей из комплекта кондиционера к блоку БПК,5ТС.512.086-02,"1,5",1,"1,5",М/Р,в куз,
3,38,8,149,119,,3,149,119,,Монтаж к БСА (Блок 6) н/в,5ТС.512.086-02,"5,5",1,"5,5",К/Ш,в куз,
3,39,37,150,148,152,3,150,148,152,Монтаж к БСА (Блок 6) силовой,5ТС.512.086-02,"2,1",1,"2,1",М/Р,в куз,
3,40,69,151,179,153,3,151,179,153,Монтаж к ШП-21 н/в,5ТС.512.086-02,"2,1",1,"2,1",К/Ш,в куз,
3,41,39,152,150,154,3,152,150,154,Монтаж к ШП-21 силовой,5ТС.512.086-02,"1,5",1,"1,5",М/Р,в куз,
3,42,40,153,151,,3,153,151,,"Монтаж к БСА (блок 4) (Раскладка, разделка и включение) н/в",5ТС.512.086-02,"5,5",1,"5,5",К/Ш,в куз,
3,43,41,154,152,164,3,154,152,164,"Монтаж к БСА (блок 4) (Раскладка, разделка и включение) силовой",5ТС.512.086-02,"2,1",1,"2,1",М/Р,в куз,
3,44,58,155,168,157,3,155,168,157,Монтаж к блоку питания ВИП 1 силовой ,5ТС.512.086-02,"1,5",1,"1,5",М/Р,в куз,
3,45,17,156,128,158,3,156,128,158,Монтаж проводов к ВИП 1 н/в,5ТС.512.086-02,"1,7",1,"1,7",К/Ш,в куз,
3,46,44,157,155,160,3,157,155,160,Монтаж к блоку питания ВИП 2 силовой,5ТС.512.086-02,"1,5",1,"1,5",М/Р,в куз,
3,47,45,158,156,,3,158,156,162,Монтаж проводов к ВИП 2 н/в,5ТС.512.086-02,"1,7",1,"1,7",К/Ш,в куз,
3,48,"67,28",159,"177,139",,3,159,"177,139",,Монтаж к панели А72 на Блоке 4 н/в,5ТС.512.086-02,1,1,1,К/Ш,в куз,
3,49,46,160,157,,3,160,157,,Монтаж к панели А72 на Блоке 4 силовой,5ТС.512.086-02,"0,12",1,"0,12",М/Р,в куз,
3,50,25,161,136,,3,161,136,,Раскладка и подключение проводов на поперечной стенке кабины (продолжение),5ТС.512.086-02,"1,5",1,"1,5",ПАН,в куз,
3,51,"34,47",162,"145,158",163,3,162,"145,158",163,"Прокладка проводов к SA3, SA5",5ТС.512.086-02,2,2,1,К/Ш,в куз,
3,52,51,163,162,,3,163,162,,"Разделка и подключение проводов SA3, SA5",5ТС.512.086-02,"1,5",2,"0,75",К/Ш,в куз,
3,53,43,164,154,,3,164,154,,Включение земляных проводов от кабелей,5ТС.512.086-02,"1,8",1,"1,8",М/Р,в куз,
3,54,35,165,146,,3,165,146,,"Разделка и включение проводов к панелям U80, U81 н/в",5ТС.512.086-02,"2,5",1,"2,5",К/Ш,в куз,
3,56,46,166,157,,3,166,157,,Установка БПО,6ТС.049.351-02,"2,4",2,"1,2",ПНЕВМ,в куз,
3,57,"59, 30",167,"169,141",,3,167,"169,141",,Установка БМК,6ТС.020.544-01,3,2,"1,5",Т/Б,в куз,
3,58,15,168,126,155,3,168,126,155,Монтаж проводов к торцевому токосъему,6ТС.050.071,"3,5",1,"3,5",М/Р,под куз,
3,59,1,169,112,,3,169,112,167,Установка батареи аккумуляторной,6ТС.020.421,"2,2",2,"1,1",Т/Б,под куз,
2,60,0,170,0,171,2,170,0,171,Установка МВ-311 в ВВК1,6ТС.020.410,"3,4",2,"1,7",Т/Б,в куз,
2,61,60,171,170,172,2,171,170,172,Установка патрубка 5ТЛ.458.012 в ВВК2,6ТС.020.410,"1,45",2,"0,725",Т/Б,в куз,
2,62,61,172,171,"173,174",2,172,171,"173,174",Установка патрубка 5ТЛ.458.012 в ВВК1,6ТС.020.410,"1,45",2,"0,725",Т/Б,в куз,
2,63,62,173,172,180,2,173,172,180,"Установка блока питания ВИП и блока диагностики в ВВК2 (А8, А74)",6ТС.020.410,"0,5",1,"0,5",Т/Б,в куз,
2,64,62,174,172,,2,174,172,180,"Установка блока питания ВИП и блока диагностики в ВВК1 (А7, А73)",6ТС.020.410,"0,5",1,"0,5",Т/Б,в куз,
2,65,0,175,0,176,2,175,0,176,Прокладка и крепление ШТЕПСЕЛЬНЫХ СОЕДИНЕНИЙ от МСУД до зажимов контактных Х96-Х100 Н/В,5ТС.512.086-02,"5,3",2,"2,65",К/Ш,в куз,
2,66,65,176,175,177,2,176,175,177,Проведение проводов к зажимам контатктным Х96-Х100 (5ТС.512.086-02),5ТС.512.086-02,"5,3",2,"2,65",К/Ш,в куз,
2,67,66,177,176,,2,177,176,159,"Разделка и подключение проводов к зажимам контактным Х96, Х99 (5ТС.512.086-02)",5ТС.512.086-02,"5,3",2,"2,65",К/Ш,в куз,
2,68,0,178,0,179,2,178,0,179,"Разделка и подключение проводов к зажимам контактным Х97, Х100 (5ТС.512.086)",5ТС.512.086-02,"5,3",2,"2,65",К/Ш,в куз,
2,69,68,179,178,"146,151",2,179,178,"146,151",Разделка и подключение проводов к зажиму контактному Х98 (5ТС.512.086),5ТС.512.086-02,"5,3",2,"2,65",К/Ш,в куз,
2,70,63,180,173,181,2,180,173,181,Подготовка трансформатора,6ТЛ.020.003,1,1,1,Т/Б,пол,
2,71,70,181,180,"182,183",2,181,180,"182,183",Установка трансформатора,6ТЛ.020.003,3,3,1,Т/Б,в куз,
2,72,71,182,181,112,2,182,181,112,Монтаж шин к ВИП и трансформатору 1 конец,6ТС.052.100-01,"1,5",1,"1,5",Т/Б,в куз,
2,73,71,183,181,,2,183,181,112,Монтаж шин к ВИП и трансформатору 2 конец,6ТС.052.101,"1,5",1,"1,5",Т/Б,в куз,
4,1,41,184,224,235,4,184,224,235,Установка окон,5ТС.340.342-02,"2,00",1,"2,00",СТОЛ,в куз,
4,2,0,185,0,186,4,185,0,186,Установка 395 крана,6ТС.049.493,"1,10",1,"1,10",ПНЕВМ,в куз,
4,3,2,186,185,187,4,186,185,187,Монтаж к 395 крану,6ТС.049.493,"1,03",1,"1,03",ПНЕВМ,в куз,
4,4,3,187,186,188,4,187,186,188,Установка 254 крана,6ТС.049.493,"1,00",1,"1,00",ПНЕВМ,в куз,
4,5,4,188,187,189,4,188,187,189,Монтаж к 254 крану,6ТС.049.493,"1,00",1,"1,00",ПНЕВМ,в куз,
4,6,5,189,188,190,4,189,188,190,Установка датчиков системы КЛУБ,6ТС.049.493,"1,25",1,"1,25",ПНЕВМ,в куз,
4,7,6,190,189,191,4,190,189,191,Установка КПС (клапан подсыпки песка),6ТС.049.493,"1,00",1,"1,00",ПНЕВМ,в куз,
4,8,7,191,190,192,4,191,190,192,Монтаж к ЭПК пневматический,6ТС.049.493,"1,00",1,"1,00",ПНЕВМ,в куз,
4,9,8,192,191,,4,192,191,,Установка и монтаж экстренного торможения,6ТС.049.493,"1,00",1,"1,00",ПНЕВМ,в куз,
4,10,0,193,0,"198,194",4,193,0,"198,194",Монтаж клапанов сигналов и песочниц 1 конец,6ТС.049.333,"2,35",1,"2,35",ПНЕВМ,в куз,
4,11,"10,12",194,"193,195",225,4,194,"193,195",225,Монтаж к клапанам токоприемника и песочниц 1 конец н/в,5ТС.512.086-02,"1,50",1,"1,50",К/Ш,в куз,
4,12,0,195,0,"199,196",4,195,0,"199,196",Монтаж клапанов сигналов и песочниц 2 конец,6ТС.049.333,"2,35",1,"2,35",ПНЕВМ,в куз,
4,13,"10,12",196,"193,195",,4,196,"193,195",,Монтаж к клапанам песочниц 2 конец н/в,5ТС.512.086-02,"1,10",1,"1,10",К/Ш,в куз,
4,14,15,197,198,,4,197,198,,Монтаж пн к резервуару и клапанам токоприемника,6ТС.049.490,"1,80",1,"1,80",ПНЕВМ,в куз,
4,15,10,198,193,197,4,198,193,197,"Монтаж пн к SA3, SA5 (ВВК1)",6ТС.049.490,"2,10",1,"2,10",ПНЕВМ,в куз,
4,16,12,199,195,"200,203",4,199,195,"200,203","Монтаж пн к SA6, БПО (ВВК2)",6ТС.049.490,"2,10",1,"2,10",ПНЕВМ,в куз,
4,17,16,200,199,"207,212",4,200,199,"207,212",Монтаж пн в кузове,6ТС.049.490,"2,50",1,"2,50",ПНЕВМ,в куз,
4,18,23,201,206,,4,201,206,,Монтаж пневматический к ГВ и токоприемнику,6ТС.049.490,"1,00",1,"1,00",ПНЕВМ,в куз,
4,19,38,202,221,208,4,202,221,208,Монтаж электрический к БМК,5ТС.512.086-02,"1,20",1,"1,20",М/Р,в куз,
4,20,"15,16",203,"198,199",204,4,203,"198,199",204,Установка воздухораспределителя,6ТС.049.350,"1,85",2,"0,93",ПНЕВМ,под куз,
4,21,20,204,203,211,4,204,203,211,Установка резервуаров,6ТС.049.350,"2,10",2,"1,05",ПНЕВМ,под куз,
4,22,28,205,211,209,4,205,211,209,Монтаж пневматический,6ТС.049.350,"1,70",2,"0,85",ПНЕВМ,под куз,
4,23,"9,22",206,"192,205",201,4,206,"192,205",201,Монтаж пн под кабиной,6ТС.049.492,"4,25",1,"4,25",ПНЕВМ,под куз,
4,24,14,207,197,213,4,207,197,213,Монтаж пн в торце,6ТС.049.492,"4,50",1,"4,50",ПНЕВМ,под куз,
4,25,19,208,202,226,4,208,202,226,Включение проводов к клапанам обогрева СИЛОВОЙ,5ТС.512.086-02,"2,90",1,"2,90",М/Р,в куз,
4,26,22,209,205,210,4,209,205,210,Монтаж пн магистрали тормозной,6ТС.049.492,"4,30",2,"2,15",ПНЕВМ,под куз,
4,27,26,210,209,,4,210,209,,Монтаж пн магистрали питательной,6ТС.049.492,"4,25",2,"2,13",ПНЕВМ,под куз,
4,28,21,211,204,205,4,211,204,205,Монтаж пн магистрали прямодействующей тормозной,6ТС.049.492,"4,40",2,"2,20",ПНЕВМ,под куз,
4,29,17,212,200,,4,212,200,,Монтаж пн к маслоотделителю,6ТС.049.492,"4,10",1,"4,10",ПНЕВМ,под куз,
4,30,"24,29",213,"207,212",,4,213,"207,212",,Монтаж системы подсыпки песка,6ТС.049.492,"3,85",2,"1,93",ПНЕВМ,под куз,
4,31,0,214,0,215,4,214,0,215,Установка двери правой ,6ТС.031.578,"1,70",2,"0,85",СТОЛ,в куз,
4,32,31,215,214,216,4,215,214,216,Установка двери левой ,6ТС.031.579,"1,70",2,"0,85",СТОЛ,в куз,
4,33,32,216,215,217,4,216,215,217,Установка двери торцевой ,6ТС.031.568,"0,60",2,"0,30",СТОЛ,в куз,
4,34,33,217,216,,4,217,216,,Установка упоров и фиксаторов входных дверей,6ТС.031.570,"0,30",1,"0,30",СТОЛ,в куз,
4,35,36,218,219,223,4,218,219,223,Установка крышек ВВК1,6ТС.010.029,"2,00",2,"1,00",Т/Б,на крыше,
4,36,39,219,222,218,4,219,222,218,Установка крышки трансфоматорной,6ТС.010.029,"2,20",2,"1,10",Т/Б,на крыше,
4,37,38,220,221,222,4,220,221,222,Установка крышек ВВК2,6ТС.010.029,"1,70",2,"0,85",Т/Б,на крыше,
4,38,0,221,0,"220,202",4,221,0,"220,202",Установка крышки в торце,6ТС.010.029,"2,00",2,"1,00",Т/Б,на крыше,
4,39,37,222,220,219,4,222,220,219,Установка крышки в средней части,6ТС.010.029,"2,20",2,"1,10",Т/Б,на крыше,
4,40,35,223,218,227,4,223,218,227,Монтаж крышек на кузове (антенны),6ТС.010.029,"0,40",2,"0,20",Т/Б,на крыше,
4,41,0,224,0,"184,237",4,224,0,"184,237",Установка блоков охлажения кондиционера,6ТС.020.873,"1,50",1,"1,50",СТОЛ,на крыше,
4,42,"11,13",225,"194,196",,4,225,"194,196",,Подключение проводов к крышкам Н/В (+освещение и пожарка),5ТС.512.086-02,"4,30",2,"2,15",К/Ш,в куз,
4,43,25,226,208,,4,226,208,,Подключение проводов к крышкам В/В,5ТС.512.086-02,"2,10",1,"2,10",М/Р,в куз,
4,44,40,227,223,228,4,227,223,228,Установка токоприемника,6ТС.010.029,"1,85",2,"0,93",Т/Б,на крыше,
4,45,44,228,227,229,4,228,227,229,Монтаж шин на крышках ВВК1,6ТС.010.029,"1,60",2,"0,80",Т/Б,на крыше,
4,46,45,229,228,230,4,229,228,230,Монтаж шин на крышках трансформаторных,6ТС.010.029,"2,10",2,"1,05",Т/Б,на крыше,
4,47,46,230,229,236,4,230,229,236,Монтаж шин на крышках в торце,6ТС.010.029,"1,90",2,"0,95",Т/Б,на крыше,
4,48,0,231,0,"233,232",4,231,0,"233,232",Монтаж пневматический в компрессорном помещении (к маслоотделителю и сбросные трубы),6ТС.049.270,"2,30",2,"1,15",ПОНОМ,в куз,
4,49,48,232,231,,4,232,231,,Монтаж пневматический к главным резервуарам на крышке,6ТС.049.270,"2,50",1,"2,50",ПОНОМ,на крыше,
4,50,48,233,231,234,4,233,231,234,Монтаж пневматический к компрессору,6ТС.049.270,"2,50",1,"2,50",ПОНОМ,в куз,
4,51,50,234,233,,4,234,233,,Монтаж пневматический главных резервуаров,6ТС.049.271,"2,30",1,"2,30",ПОНОМ,на крыше,
4,52,1,235,184,,4,235,184,,Установа знаков,6ТС.031.575-01,"1,50",1,"1,50",СТОЛ,в куз,
4,55,47,236,230,,4,236,230,,Установка ББР,6ТС.020.412,"1,30",2,"0,65",Т/Б,на крыше,
4,56,41,237,224,,4,237,224,,Установка капотов,6ТС.020.873,"3,20",2,"1,60",СТОЛ,на крыше,
5,1,0,238,0,239,5,238,0,239,опрессовка соединения труб в кабине ,3ТС.001.012ИП,"1,10",2,"0,55",ГИГ,в куз,
5,2,1,239,238,240,5,239,238,240,опрессовка соединения труб по кузову ,3ТС.001.012ИП,"1,20",2,"0,60",ГИГ,в куз,
5,3,2,240,239,241,5,240,239,241,опрессовка соединения труб на БПО,3ТС.001.012ИП,"0,89",2,"0,45",ГИГ,в куз,
5,4,3,241,240,242,5,241,240,242,опрессовка соединения труб к компресору,3ТС.001.012ИП,"1,10",2,"0,55",ГИГ,в куз,
5,5,4,242,241,243,5,242,241,243,опрессовка соединения труб питательной магистрали,3ТС.001.012ИП,"1,00",2,"0,50",ГИГ,под куз,
5,6,5,243,242,244,5,243,242,244,опрессовка соединения труб тормозной магистрали,3ТС.001.012ИП,"0,90",2,"0,45",ГИГ,под куз,
5,7,6,244,243,"245,255",5,244,243,"245,255",опрессовка соединения труб соединения главных резервуаров,3ТС.001.012ИП,"0,80",2,"0,40",ГИГ,на крыше,
5,8,7,245,244,246,5,245,244,246,Продувка электровоза,-,"8,00",4,"2,00",ОРИЩЕНКО,в куз,
5,9,8,246,245,247,5,246,245,247,Сдача ОТК желобов,,"1,50",1,"1,50",,в куз,
5,10,9,247,246,248,5,247,246,248,Установка трапов в ВВК1,6ТС.020.509,"0,70",2,"0,35",Т/Б,в куз,
5,11,10,248,247,249,5,248,247,249,Установка трапов в ВВК2,6ТС.020.510-02,"0,80",2,"0,40",Т/Б,в куз,
5,12,11,249,248,250,5,249,248,250,Установка трапов на пусковом двигателе,6ТС.020.662,"0,50",2,"0,25",Т/Б,в куз,
5,13,12,250,249,251,5,250,249,251,Установка трапов в средней части,6ТЛ.002.003,"1,00",2,"0,50",Т/Б,в куз,
5,14,13,251,250,255,5,251,250,255,Установка трапов по проходному коридору,6ТЛ.030.006,"1,30",2,"0,65",Т/Б,в куз,
5,15,14,252,251,,5,252,251,,"Сдача ОТК (по кузову, крыша, подкузовная часть)",,"12,00",2,"6,00",,в куз,
5,16,,253,,,5,253,,,Устранение замечаний ОТК,,"6,00",6,"1,00",ВСЕ,в куз,
5,17,,254,,,5,254,,,Сдача ОТК по устраненным замечаниям ОТК,,"6,00",2,"3,00",,в куз,
4,53,7,255,244,,4,255,244,,Установка обтекателя ,6ТС.032.590,"2,50",2,"1,25",СДАТКА,в куз,
4,54,0,256,0,,4,256,0,,Монтаж пневматический на тележках (подсыпные рукава),6ТС.049.353,"3,00",2,"1,50",КАЧАЕВ,под куз,
6,1,0,257,0,258,6,257,0,258,Монтаж пневматический на тележках ,6ТС.049.353,"3,6",2,"0,80",ГИГ,рядом,
6,2,1,258,257,269,6,258,257,269,Установка системы смазки гребней АГС-8 ,6ТС.030.645,3,2,"1,00",ГИГ,рядом,
6,3,0,259,0,260,6,259,0,260,Установка связей кузова с тележкой (установка пружин) ,6ТЛ.031.017,"2,2",2,"0,40",КАЧАЕВ,рядом,
6,4,3,260,259,261,6,260,259,261,Установка связей кузова с тележкой (подготовка тележки) ,6ТЛ.031.017,"3,4",2,"1,70",КАЧАЕВ,рядом,
6,5,4,261,260,"265,264",6,261,260,"265,264",Установка связей кузова с тележкой (посадка электровоза)  ,6ТЛ.031.017,5,4,"0,45",КАЧАЕВ,под куз,
6,5а,8,262,265,263,6,262,265,263,Крепление ручного тормоза к тележке,6ТС.032.027,"1,54",1,"0,50",КАЧАЕВ,под куз,
6,6,5а,263,262,,6,263,262,,Установка брезентовых патрубков (крепление на тележках),6ТЛ.031.017,"0,808",1,"0,40",КАЧАЕВ,под куз,
6,7,5,264,261,,6,264,261,,Подключение проводов к тяговым двигателям  1,6ТС.050.084,"1,5",4,"0,38",М/Р,под куз,
6,8,5,265,261,"263,266",6,265,261,"263,266",Установка наклонной тяги ,6ТС.031.517,"2,3",3,"0,77",КАЧАЕВ,под куз,
6,9,8,266,265,267,6,266,265,267,Регулировка автосцепок (размер 1060±20 мм) ,3ТС.001.012-08,"0,898",1,"0,90",КАЧАЕВ,под куз,
,10,6,267,263,268,,267,263,268,Регулировка тормозной системы (выход штока и зазор на колодках),3ТС.001.012ИП,2,2,"1,00",КАЧАЕВ,под куз,
6,11,10,268,267,,6,268,267,,Проверка линейных размеров (установочных размеров) в подкузовной части ,6ТЛ.031.017,"4,782",2,"1,20",КАЧАЕВ,под куз,
6,12,2,269,258,270,6,269,258,270,Наладка подъема токоприемника,3ТС.001.012ИП,2,2,"0,50",ГИГ,на крыше,
6,13,12,270,269,271,6,270,269,271,Регулировка тормозной системы (Гигенин),3ТС.001.012ИП,"2,9",2,"0,70",ГИГ,"в куз, под кузовом",
6,14,13,271,270,272,6,271,270,272,Наладка уравнительной системы,3ТС.001.012ИП,"5,1",2,"0,70",ГИГ,под куз,
6,15,14,272,271,273,6,272,271,273,Наладка в кабине,3ТС.001.012ИП,"4,99",2,"0,70",ГИГ,в куз,
6,16,15,273,272,274,6,273,272,274,Наладка подрывных клапанов,3ТС.001.012ИП,"4,89",2,"0,70",ГИГ,в куз,
6,17,16,274,273,,6,274,273,,Сдача ЦПИ,3ТС.001.012ИП,"4,98",2,"1,00",ГИГ,в куз,
6,18,11,275,268,,6,275,268,,Сдача ОТК,,4,2,"2,00",,в куз,
